-- Insert statements for Department table
INSERT INTO Department (DepartmentID, Name, Location) VALUES
(1, 'Technology', 'Chicago'),
(2, 'Sales', 'Chicago'),
(3, 'Marketing', 'Chicago'),
(4, 'HR', 'Chicago'),
(5, 'Finance', 'New York'),
(6, 'Global Security', 'New York'),
(7, 'Research and Development', 'New York'),
(8, 'QA', 'Atlanta'),
(9, 'Product Development', 'Atlanta'),
(10, 'Logistics and Freight', 'Atlanta'),
(11, 'Legal', 'Atlanta'),
(12, 'Other Stuff', 'New York'),
(13, 'Customer Service Department', 'New York'),
(14, 'Desktop Engineering', 'Chicago'),
(15, 'Design Department', 'Chicago');

-- Insert statements for Employee table
-- Employee table
INSERT INTO Employee (EmployeeID, FirstName, LastName, Email, PhoneNumber, Salary, DepartmentID) VALUES
(1, 'LeBron', 'Jordan', 'lebron.jordan@techo.com', '(123) 456-7890', ROUND(RAND() * 170000 + 30000, 2), FLOOR(RAND() * 15) + 1),
(2, 'Kobe', 'Bryant', 'kobe.bryant@techo.com', '(234) 567-8901', ROUND(RAND() * 170000 + 30000, 2), FLOOR(RAND() * 15) + 1),
(3, 'Michael', 'ONeal', 'michael.oneal@techo.com', '(345) 678-9012', ROUND(RAND() * 170000 + 30000, 2), FLOOR(RAND() * 15) + 1),
(4, 'Magic', 'Duncan', 'magic.duncan@techo.com', '(456) 789-0123', ROUND(RAND() * 170000 + 30000, 2), FLOOR(RAND() * 15) + 1),
(5, 'Larry', 'Iverson', 'larry.iverson@techo.com', '(567) 890-1234', ROUND(RAND() * 170000 + 30000, 2), FLOOR(RAND() * 15) + 1),
(6, 'Shaquille', 'Nowitzki', 'shaquille.nowitzki@techo.com', '(678) 901-2345', ROUND(RAND() * 170000 + 30000, 2), FLOOR(RAND() * 15) + 1),
(7, 'Hakeem', 'Curry', 'hakeem.curry@techo.com', '(789) 012-3456', ROUND(RAND() * 170000 + 30000, 2), FLOOR(RAND() * 15) + 1),
(8, 'Tim', 'Durant', 'tim.durant@techo.com', '(890) 123-4567', ROUND(RAND() * 170000 + 30000, 2), FLOOR(RAND() * 15) + 1),
(9, 'Dwyane', 'Harden', 'dwyane.harden@techo.com', '(901) 234-5678', ROUND(RAND() * 170000 + 30000, 2), FLOOR(RAND() * 15) + 1),
(10, 'Kevin', 'Antetokounmpo', 'kevin.antetokounmpo@techo.com', '(012) 345-6789', ROUND(RAND() * 170000 + 30000, 2), FLOOR(RAND() * 15) + 1),
(11, 'Stephen', 'Garnett', 'stephen.garnett@techo.com', '(234) 567-8901', ROUND(RAND() * 170000 + 30000, 2), FLOOR(RAND() * 15) + 1),
(12, 'Kareem', 'Westbrook', 'kareem.westbrook@techo.com', '(345) 678-9012', ROUND(RAND() * 170000 + 30000, 2), FLOOR(RAND() * 15) + 1),
(13, 'Kawhi', 'Olajuwon', 'kawhi.olajuwon@techo.com', '(456) 789-0123', ROUND(RAND() * 170000 + 30000, 2), FLOOR(RAND() * 15) + 1),
(14, 'Bill', 'Irving', 'bill.irving@techo.com', '(567) 890-1234', ROUND(RAND() * 170000 + 30000, 2), FLOOR(RAND() * 15) + 1),
(15, 'Wilt', 'Chamberlain', 'wilt.chamberlain@techo.com', '(678) 901-2345', ROUND(RAND() * 170000 + 30000, 2), FLOOR(RAND() * 15) + 1),
(16, 'Dennis', 'Malone', 'dennis.malone@techo.com', '(789) 012-3456', ROUND(RAND() * 170000 + 30000, 2), FLOOR(RAND() * 15) + 1),
(17, 'Chris', 'Stockton', 'chris.stockton@techo.com', '(890) 123-4567', ROUND(RAND() * 170000 + 30000, 2), FLOOR(RAND() * 15) + 1),
(18, 'Karl', 'Thompson', 'karl.thompson@techo.com', '(901) 234-5678', ROUND(RAND() * 170000 + 30000, 2), FLOOR(RAND() * 15) + 1),
(19, 'Scottie', 'Allen', 'scottie.allen@techo.com', '(012) 345-6789', ROUND(RAND() * 170000 + 30000, 2), FLOOR(RAND() * 15) + 1),
(20, 'Dirk', 'Bird', 'dirk.bird@techo.com', '(234) 567-8901', ROUND(RAND() * 170000 + 30000, 2), FLOOR(RAND() * 15) + 1),
(21, 'Dominique', 'Russell', 'dominique.russell@techo.com', '(345) 678-9012', ROUND(RAND() * 170000 + 30000, 2), FLOOR(RAND() * 15) + 1),
(22, 'David', 'Johnson', 'david.johnson@techo.com', '(456) 789-0123', ROUND(RAND() * 170000 + 30000, 2), FLOOR(RAND() * 15) + 1),
(23, 'Paul', 'Pippen', 'paul.pippen@techo.com', '(567) 890-1234', ROUND(RAND() * 170000 + 30000, 2), FLOOR(RAND() * 15) + 1),
(24, 'Elgin', 'Kidd', 'elgin.kidd@techo.com', '(678) 901-2345', ROUND(RAND() * 170000 + 30000, 2), FLOOR(RAND() * 15) + 1),
(25, 'Oscar', 'Robinson', 'oscar.robinson@techo.com', '(789) 012-3456', ROUND(RAND() * 170000 + 30000, 2), FLOOR(RAND() * 15) + 1),
(26, 'Steve', 'Nash', 'steve.nash@techo.com', '(890) 123-4567', ROUND(RAND() * 170000 + 30000, 2), FLOOR(RAND() * 15) + 1),
(27, 'Jerry', 'Garnett', 'jerry.garnett@techo.com', '(901) 234-5678', ROUND(RAND() * 170000 + 30000, 2), FLOOR(RAND() * 15) + 1),
(28, 'Ray', 'Howard', 'ray.howard@techo.com', '(012) 345-6789', ROUND(RAND() * 170000 + 30000, 2), FLOOR(RAND() * 15) + 1),
(29, 'Clyde', 'Payton', 'clyde.payton@techo.com', '(234) 567-8901', ROUND(RAND() * 170000 + 30000, 2), FLOOR(RAND() * 15) + 1),
(30, 'Anthony', 'Miller', 'anthony.miller@techo.com', '(345) 678-9012', ROUND(RAND() * 170000 + 30000, 2), FLOOR(RAND() * 15) + 1);

-- Insert statements for Customer table
-- Customer table
INSERT INTO Customer (CustomerID, FirstName, LastName, Email, PhoneNumber) VALUES
(1, 'Tom', 'Hanks', 'tom.hanks@yankees-lakers.com', '(123) 456-7890'),
(2, 'Leonardo', 'DiCaprio', 'leonardo.dicaprio@redsox-bulls.com', '(234) 567-8901'),
(3, 'Jennifer', 'Lawrence', 'jennifer.lawrence@mets-clippers.com', '(345) 678-9012'),
(4, 'Brad', 'Pitt', 'brad.pitt@yankees-warriors.com', '(456) 789-0123'),
(5, 'Angelina', 'Jolie', 'angelina.jolie@redsox-lakers.com', '(567) 890-1234'),
(6, 'Robert', 'De Niro', 'robert.deniro@mets-bulls.com', '(678) 901-2345'),
(7, 'Meryl', 'Streep', 'meryl.streep@yankees-clippers.com', '(789) 012-3456'),
(8, 'Denzel', 'Washington', 'denzel.washington@redsox-warriors.com', '(890) 123-4567'),
(9, 'Scarlett', 'Johansson', 'scarlett.johansson@mets-lakers.com', '(901) 234-5678'),
(10, 'Will', 'Smith', 'will.smith@yankees-bulls.com', '(012) 345-6789'),
(11, 'Emma', 'Stone', 'emma.stone@redsox-clippers.com', '(234) 567-8901'),
(12, 'Tom', 'Cruise', 'tom.cruise@mets-warriors.com', '(345) 678-9012'),
(13, 'Julia', 'Roberts', 'julia.roberts@yankees-lakers.com', '(456) 789-0123'),
(14, 'Matt', 'Damon', 'matt.damon@redsox-bulls.com', '(567) 890-1234'),
(15, 'Natalie', 'Portman', 'natalie.portman@mets-clippers.com', '(678) 901-2345'),
(16, 'Chris', 'Hemsworth', 'chris.hemsworth@yankees-warriors.com', '(789) 012-3456'),
(17, 'Anne', 'Hathaway', 'anne.hathaway@redsox-lakers.com', '(890) 123-4567'),
(18, 'Johnny', 'Depp', 'johnny.depp@mets-bulls.com', '(901) 234-5678'),
(19, 'Sandra', 'Bullock', 'sandra.bullock@yankees-clippers.com', '(012) 345-6789'),
(20, 'George', 'Clooney', 'george.clooney@redsox-warriors.com', '(234) 567-8901'),
(21, 'Jennifer', 'Aniston', 'jennifer.aniston@mets-lakers.com', '(345) 678-9012'),
(22, 'Chris', 'Evans', 'chris.evans@yankees-bulls.com', '(456) 789-0123'),
(23, 'Nicole', 'Kidman', 'nicole.kidman@redsox-clippers.com', '(567) 890-1234'),
(24, 'Hugh', 'Jackman', 'hugh.jackman@mets-warriors.com', '(678) 901-2345'),
(25, 'Halle', 'Berry', 'halle.berry@yankees-lakers.com', '(789) 012-3456'),
(26, 'Ryan', 'Reynolds', 'ryan.reynolds@redsox-bulls.com', '(890) 123-4567'),
(27, 'Kate', 'Winslet', 'kate.winslet@mets-clippers.com', '(901) 234-5678'),
(28, 'Will', 'Ferrell', 'will.ferrell@yankees-warriors.com', '(012) 345-6789'),
(29, 'Emma', 'Watson', 'emma.watson@redsox-lakers.com', '(234) 567-8901'),
(30, 'Mark', 'Wahlberg', 'mark.wahlberg@mets-bulls.com', '(345) 678-9012'),
(31, 'Dwayne', 'Johnson', 'dwayne.johnson@yankees-clippers.com', '(456) 789-0123'),
(32, 'Jessica', 'Alba', 'jessica.alba@redsox-warriors.com', '(567) 890-1234'),
(33, 'Tom', 'Brady', 'tom.brady@mets-lakers.com', '(678) 901-2345'),
(34, 'Angel', 'ina', 'angel.ina@yankees-bulls.com', '(789) 012-3456'),
(35, 'Steve', 'Martin', 'steve.martin@redsox-clippers.com', '(890) 123-4567'),
(36, 'Emma', 'Thompson', 'emma.thompson@mets-warriors.com', '(901) 234-5678'),
(37, 'Matt', 'Dillon', 'matt.dillon@yankees-lakers.com', '(012) 345-6789'),
(38, 'James', 'Franco', 'james.franco@redsox-bulls.com', '(234) 567-8901'),
(39, 'Tina', 'Fey', 'tina.fey@mets-clippers.com', '(345) 678-9012'),
(40, 'Ben', 'Affleck', 'ben.affleck@yankees-warriors.com', '(456) 789-0123'),
(41, 'Jessica', 'Bi', 'jessica.bi@redsox-lakers.com', '(567) 890-1234'),
(42, 'Joaquin', 'Phoenix', 'joaquin.phoenix@mets-bulls.com', '(678) 901-2345'),
(43, 'Bradley', 'Cooper', 'bradley.cooper@yankees-clippers.com', '(789) 012-3456'),
(44, 'Julianne', 'Moore', 'julianne.moore@redsox-warriors.com', '(890) 123-4567'),
(45, 'Daniel', 'Craig', 'daniel.craig@mets-lakers.com', '(901) 234-5678'),
(46, 'Oprah', 'Winfrey', 'oprah.winfrey@yankees-bulls.com', '(012) 345-6789'),
(47, 'Brad', 'Pitt', 'brad.pitt@redsox-clippers.com', '(234) 567-8901'),
(48, 'George', 'Clooney', 'george.clooney@mets-warriors.com', '(345) 678-9012'),
(49, 'Reese', 'Witherspoon', 'reese.witherspoon@yankees-lakers.com', '(456) 789-0123'),
(50, 'Julia', 'Roberts', 'julia.roberts@redsox-bulls.com', '(567) 890-1234');

-- Insert statements for Supplier table
-- Supplier table
INSERT INTO Supplier (SupplierID, CompanyName, ContactName, Email, PhoneNumber) VALUES
(1, 'Cisco Systems, Inc.', 'Mikhail Baryshnikov', 'mikhail.baryshnikov@cisco.com', '(408) 553-6387'),
(2, 'Apple Inc.', 'Fred Astaire', 'fred.astaire@apple.com', '(408) 692-7753'),
(3, 'Microsoft Corporation', 'Ginger Rogers', 'ginger.rogers@microsoft.com', '(425) 642-7676'),
(4, 'IBM', 'Sylvie Guillem', 'sylvie.guillem@ibm.com', '(914) 426-4968'),
(5, 'Amazon.com, Inc.', 'Michael Flatley', 'michael.flatley@amazon.com', '(206) 280-3321'),
(6, 'Dell Technologies Inc.', 'Isadora Duncan', 'isadora.duncan@dell.com', '(512) 289-3355'),
(7, 'HP Inc.', 'Savion Glover', 'savion.glover@hp.com', '(650) 752-0900'),
(8, 'Oracle Corporation', 'Martha Graham', 'martha.graham@oracle.com', '(650) 392-2999'),
(9, 'Intel Corporation', 'Anna Pavlova', 'anna.pavlova@intel.com', '(408) 538-3373'),
(10, 'Adobe Inc.', 'Misty Copeland', 'misty.copeland@adobe.com', '(408) 833-6687'),
(11, 'Salesforce.com, Inc.', 'Gene Kelly', 'gene.kelly@salesforce.com', '(415) 667-6389'),
(12, 'Texas Instruments Inc.', 'Alvin Ailey', 'alvin.ailey@ti.com', '(214) 336-5236'),
(13, 'Cisco Meraki', 'Marie Taglioni', 'marie.taglioni@meraki.com', '(415) 490-0918'),
(14, 'Juniper Networks, Inc.', 'Paul Taylor', 'paul.taylor@juniper.net', '(408) 586-4737'),
(15, 'Seagate Technology Holdings plc', 'Baryshnikov', 'baryshnikov@seagate.com', '(831) 732-4283'),
(16, 'Micron Technology, Inc.', 'Cyd Charisse', 'cyd.charisse@micron.com', '(208) 368-4000'),
(17, 'NVIDIA Corporation', 'Rudolf Nureyev', 'rudolf.nureyev@nvidia.com', '(408) 797-6530'),
(18, 'Western Digital Corporation', 'Margot Fonteyn', 'margot.fonteyn@wdc.com', '(949) 275-4932'),
(19, 'Symantec Corporation', 'Sylvie Guillem', 'sylvie.guillem@symantec.com', '(650) 721-3934'),
(20, 'Qualcomm Incorporated', 'Fernando Bujones', 'fernando.bujones@qualcomm.com', '(858) 587-1121');

-- Insert statements for ProductCategory table
INSERT INTO ProductCategory (CategoryID, Name) VALUES
(1, 'Home Appliances'),
(2, 'Personal Care Products'),
(3, 'Electronics & Gadgets'),
(4, 'Health & Fitness Equipment'),
(5, 'Beauty & Skincare'),
(6, 'Kitchenware & Cookware'),
(7, 'Clothing & Apparel'),
(8, 'Footwear & Accessories'),
(9, 'Furniture & Decor'),
(10, 'Toys & Games'),
(11, 'Automotive Products'),
(12, 'Food & Beverage'),
(13, 'Pet Supplies'),
(14, 'Cleaning & Hygiene Products'),
(15, 'Financial Services'),
(16, 'Technology Solutions for Enterprises'),
(17, 'Logistics & Supply Chain Solutions'),
(18, 'Energy & Utility Services'),
(19, 'Retail & E-commerce Solutions'),
(20, 'Healthcare Services'),
(21, 'Telecommunications Solutions'),
(22, 'Automotive Solutions'),
(23, 'Media & Entertainment Solutions'),
(24, 'Insurance & Risk Management Services'),
(25, 'Banking & Financial Solutions'),
(26, 'Industrial & Manufacturing Solutions'),
(27, 'Pharmaceuticals & Biotechnology Solutions'),
(28, 'Aerospace & Defense Solutions'),
(29, 'Consumer Goods & Retail Solutions'),
(30, 'Hospitality & Travel Solutions'),
(31, 'Information Technology Services'),
(32, 'Professional Services'),
(33, 'Real Estate & Construction Solutions'),
(34, 'Food & Beverage Services'),
(35, 'Environmental & Waste Management Solutions'),
(36, 'Education & Training Services'),
(37, 'Automotive & Transportation Services'),
(38, 'Healthcare & Life Sciences Solutions'),
(39, 'Retail & Consumer Merchandising Solutions'),
(40, 'Communications & Networking Solutions'),
(41, 'Software & Applications Development'),
(42, 'Human Resources & Recruitment Solutions'),
(43, 'Security & Surveillance Solutions'),
(44, 'Financial & Investment Services'),
(45, 'Consulting & Advisory Services'),
(46, 'Legal & Compliance Solutions'),
(47, 'Marketing & Advertising Services'),
(48, 'Customer Relationship Management Solutions'),
(49, 'Supply Chain & Logistics Services'),
(50, 'Manufacturing & Production Solutions');


-- Insert statements for Product table
-- Product table
INSERT INTO Product (ProductID, Name, Description, Price, StockQuantity, CategoryID) VALUES
-- Home Appliances
(1, 'Smart Refrigerator', 'Internet-connected refrigerator with built-in screen and smart features.', 1499.99, 50, 1),
(2, 'Robotic Vacuum Cleaner', 'Smart vacuum cleaner equipped with AI for automated cleaning.', 399.99, 30, 1),
(3, 'Air Purifier', 'High-efficiency air purifier with HEPA filter for cleaner indoor air.', 299.99, 40, 1),
-- Personal Care Products
(4, 'Electric Toothbrush', 'Advanced electric toothbrush with multiple cleaning modes.', 79.99, 60, 2),
(5, 'Hair Dryer', 'Ionic hair dryer designed to reduce frizz and enhance shine.', 49.99, 70, 2),
(6, 'Facial Cleansing Brush', 'Gentle silicone facial brush for deep cleansing and exfoliation.', 29.99, 80, 2),
-- Electronics & Gadgets
(7, 'Smartphone', 'Flagship smartphone with high-resolution camera and long battery life.', 999.99, 90, 3),
(8, 'Wireless Earbuds', 'True wireless earbuds with noise cancellation and long playtime.', 199.99, 100, 3),
(9, 'Smart Watch', 'Health-focused smartwatch with heart rate monitoring and GPS.', 349.99, 80, 3),
-- Health & Fitness Equipment
(10, 'Treadmill', 'High-performance treadmill with various workout programs.', 1999.99, 20, 4),
(11, 'Yoga Mat', 'Premium yoga mat with non-slip surface and extra cushioning.', 49.99, 60, 4),
(12, 'Adjustable Dumbbells', 'Space-saving dumbbells with adjustable weight settings.', 249.99, 40, 4),
-- Beauty & Skincare
(13, 'Anti-Aging Cream', 'Luxurious anti-aging cream with retinol and hyaluronic acid.', 129.99, 30, 5),
(14, 'Facial Serum', 'Vitamin C serum for brightening and evening skin tone.', 79.99, 50, 5),
(15, 'Hair Styling Tool Kit', 'Set of professional-grade hair styling tools for salon-quality results.', 199.99, 20, 5),
-- Kitchenware & Cookware
(16, 'Cookware Set', 'Non-stick cookware set with durable ceramic coating.', 299.99, 40, 6),
(17, 'Instant Pot', 'Multi-functional pressure cooker with various cooking presets.', 129.99, 30, 6),
(18, 'Kitchen Knife Set', 'Premium quality knife set with ergonomic handles and sharp blades.', 99.99, 50, 6),
-- Clothing & Apparel
(19, 'Men''s Jacket', 'Stylish and weather-resistant jacket for men.', 149.99, 70, 7),
(20, 'Women''s Dress', 'Elegant and comfortable dress for various occasions.', 89.99, 80, 7),
(21, 'Unisex Sneakers', 'Versatile sneakers suitable for both men and women.', 69.99, 90, 7),
-- Footwear & Accessories
(22, 'Running Shoes', 'High-performance running shoes with cushioned support.', 129.99, 40, 8),
(23, 'Leather Handbag', 'Classic leather handbag with spacious compartments.', 199.99, 30, 8),
(24, 'Sunglasses', 'Stylish UV-protection sunglasses with polarized lenses.', 79.99, 60, 8),
-- Furniture & Decor
(25, 'Sectional Sofa', 'Modern and comfortable sectional sofa for living rooms.', 999.99, 20, 9),
(26, 'Area Rug', 'Soft and durable area rug to enhance room aesthetics.', 149.99, 60, 9),
(27, 'Wall Art Set', 'Set of decorative wall art pieces for home or office.', 79.99, 80, 9),
-- Toys & Games
(28, 'Board Game Set', 'Collection of classic board games for family entertainment.', 49.99, 70, 10),
(29, 'LEGO Building Kit', 'Creative building kit with various LEGO pieces and instructions.', 79.99, 90, 10),
(30, 'Remote Control Car', 'High-speed remote control car with agile handling.', 39.99, 50, 10),
-- Automotive Products
(31, 'Car Dash Cam', 'High-resolution dash cam for recording while driving.', 129.99, 40, 11),
(32, 'Jump Starter', 'Portable jump starter for emergency car battery charging.', 99.99, 60, 11),
(33, 'Car Phone Mount', 'Universal phone mount for secure attachment in the car.', 19.99, 80, 11),
-- Food & Beverage
(34, 'Gourmet Coffee Blend', 'Premium roasted coffee beans with rich flavor profile.', 24.99, 100, 12),
(35, 'Organic Tea Collection', 'Assorted collection of organic herbal teas.', 29.99, 90, 12),
(36, 'Artisan Chocolate Box', 'Handcrafted artisan chocolates in a variety of flavors.', 39.99, 80, 12),
-- Pet Supplies
(37, 'Pet Bed', 'Soft and cozy pet bed for dogs or cats.', 59.99, 60, 13),
(38, 'Pet Grooming Kit', 'Complete grooming kit for pet grooming at home.', 49.99, 70, 13),
(39, 'Interactive Cat Toy', 'Interactive toy to keep cats entertained and active.', 19.99, 80, 13),
-- Cleaning & Hygiene Products
(40, 'All-Purpose Cleaner', 'Effective and eco-friendly all-purpose cleaning solution.', 9.99, 100, 14),
(41, 'Hand Sanitizer Bundle', 'Pack of travel-sized hand sanitizers for on-the-go use.', 14.99, 90, 14),
(42, 'Laundry Detergent Pods', 'Convenient laundry detergent pods for easy use.', 19.99, 80, 14),
-- Financial Services
(43, 'Online Banking Service', 'Secure online banking service for managing finances.', 0, 100, 15),
(44, 'Investment Portfolio Management', 'Professional investment portfolio management service.', 0, 90, 15),
(45, 'Credit Card Rewards Program', 'Exclusive rewards program for credit card users.', 0, 80, 15),
-- Technology Solutions for Enterprises
(46, 'Cloud Computing Services', 'Scalable cloud computing solutions for businesses.', 0, 100, 16),
(47, 'Enterprise Resource Planning (ERP) Software', 'Comprehensive ERP software for streamlined operations.', 0, 90, 16),
(48, 'Cybersecurity Solutions', 'Robust cybersecurity solutions to protect business data.', 0, 80, 16),
-- Logistics & Supply Chain Solutions
(49, 'Inventory Management Software', 'Efficient software for inventory tracking and management.', 0, 100, 17),
(50, 'Supply Chain Optimization Services', 'Optimization services for streamlined supply chain operations.', 0, 90, 17),
(51, 'Shipping & Fulfillment Solutions', 'Integrated shipping and fulfillment solutions for e-commerce.', 0, 80, 17),
-- Energy & Utility Services
(52, 'Renewable Energy Solutions', 'Sustainable energy solutions for homes and businesses.', 0, 100, 18),
(53, 'Water Conservation Products', 'Products to conserve water and reduce utility bills.', 0, 90, 18),
(54, 'Smart Thermostat', 'Energy-saving smart thermostat for efficient heating and cooling.', 0, 80, 18),
-- Retail & E-commerce Solutions
(55, 'E-commerce Platform', 'Customizable platform for setting up online stores.', 0, 100, 19),
(56, 'Point-of-Sale (POS) System', 'Modern POS system for retail and online sales.', 0, 90, 19),
(57, 'Customer Relationship Management (CRM) Software', 'CRM software to manage customer interactions and data.', 0, 80, 19),
-- Healthcare Services
(58, 'Telehealth Services', 'Virtual healthcare services for remote consultations.', 0, 100, 20),
(59, 'Health Insurance Plans', 'Comprehensive health insurance plans for individuals and families.', 0, 90, 20),
(60, 'Wellness Programs', 'Programs promoting physical and mental well-being.', 0, 80, 20),
-- Telecommunications Solutions
(61, 'Fiber Optic Internet Service', 'High-speed internet service via fiber optic technology.', 0, 100, 21),
(62, 'VoIP Business Phone System', 'Scalable and cost-effective VoIP phone systems for businesses.', 0, 90, 21),
(63, 'Mobile Data Plans', 'Flexible and affordable mobile data plans.', 0, 80, 21),
-- Automotive Solutions
(64, 'Fleet Management Solutions', 'Effective solutions for managing vehicle fleets.', 0, 100, 22),
(65, 'Telematics Devices', 'Telematics devices for tracking and monitoring vehicles.', 0, 90, 22),
(66, 'Auto Insurance Services', 'Tailored insurance services for automobile owners.', 0, 80, 22),
-- Media & Entertainment Solutions
(67, 'Streaming Service Subscription', 'Subscription-based streaming service with a vast library.', 0, 100, 23),
(68, 'Live Event Ticketing Platform', 'Platform for purchasing tickets to live events.', 0, 90, 23),
(69, 'Music & Video Production Services', 'Professional services for music and video production.', 0, 80, 23),
-- Insurance & Risk Management Services
(70, 'Risk Assessment Software', 'Software for analyzing and managing business risks.', 0, 100, 24),
-- ... (remaining 20 products evenly distributed across the remaining categories)
;


-- Insert statements for SalesOrder table
-- SalesOrder table
INSERT INTO SalesOrder (OrderID, OrderDate, TotalAmount, CustomerID) VALUES
(1, '2020-01-15', 799.99, 1),
(2, '2020-03-21', 299.99, 2),
(3, '2020-06-08', 499.99, 3),
(4, '2020-09-12', 899.99, 4),
(5, '2020-12-05', 399.99, 5),
(6, '2021-02-18', 599.99, 6),
(7, '2021-04-30', 999.99, 7),
(8, '2021-07-11', 199.99, 8),
(9, '2021-10-24', 159.99, 9),
(10, '2022-01-07', 249.99, 10),
(11, '2022-03-20', 79.99, 11),
(12, '2022-05-29', 399.99, 12),
(13, '2022-08-02', 69.99, 13),
(14, '2022-10-15', 799.99, 14),
(15, '2023-01-18', 149.99, 15),
(16, '2023-03-25', 549.99, 16),
(17, '2023-06-09', 1099.99, 17),
(18, '2023-08-17', 1999.99, 18),
(19, '2023-10-22', 349.99, 19),
(20, '2023-12-30', 79.99, 20),
(21, '2020-02-08', 99.99, 21),
(22, '2020-04-19', 599.99, 22),
(23, '2020-06-29', 799.99, 23),
(24, '2021-01-04', 399.99, 24),
(25, '2021-04-15', 249.99, 25);

-- Insert statements for OrderLine table
-- OrderLine table
INSERT INTO OrderLine (OrderLineID, Quantity, LineTotal, OrderID, ProductID) VALUES
(1, 2, 1599.98, 1, 1),
(2, 1, 299.99, 1, 2),
(3, 3, 449.97, 2, 3),
(4, 1, 399.99, 2, 4),
(5, 2, 1099.98, 3, 5),
(6, 1, 199.99, 3, 6),
(7, 2, 1999.98, 4, 7),
(8, 1, 399.99, 4, 8),
(9, 1, 599.99, 5, 9),
(10, 1, 199.99, 5, 10),
(11, 3, 449.97, 6, 11),
(12, 2, 139.98, 6, 12),
(13, 1, 249.99, 7, 13),
(14, 2, 999.98, 7, 14),
(15, 1, 99.99, 8, 15),
(16, 2, 159.98, 8, 16),
(17, 1, 199.99, 9, 17),
(18, 2, 799.98, 9, 18),
(19, 1, 199.99, 10, 19),
(20, 1, 249.99, 10, 20),
(21, 2, 319.98, 11, 21),
(22, 1, 599.99, 11, 22),
(23, 1, 799.99, 12, 23),
(24, 2, 199.98, 12, 24),
(25, 3, 719.97, 13, 25),
(26, 1, 499.99, 13, 26),
(27, 1, 99.99, 14, 27),
(28, 1, 79.99, 14, 28),
(29, 2, 319.98, 15, 29),
(30, 1, 399.99, 15, 30),
(31, 1, 159.99, 16, 31),
(32, 1, 79.99, 16, 32),
(33, 3, 899.97, 17, 33),
(34, 1, 399.99, 17, 34),
(35, 1, 199.99, 18, 35),
(36, 2, 599.98, 18, 36),
(37, 1, 449.99, 19, 37),
(38, 1, 299.99, 19, 38),
(39, 2, 399.98, 20, 39),
(40, 1, 49.99, 20, 40),
(41, 1, 799.99, 21, 41),
(42, 2, 1599.98, 21, 42),
(43, 1, 69.99, 22, 43),
(44, 2, 799.98, 22, 44),
(45, 1, 249.99, 23, 45),
(46, 2, 399.98, 23, 46),
(47, 1, 159.99, 24, 47),
(48, 2, 159.98, 24, 48),
(49, 1, 149.99, 25, 49),
(50, 2, 299.98, 25, 50);


--... Continue with additional entries as needed


-- Insert statements for Payment table
-- Payment table
INSERT INTO Payment (PaymentID, PaymentDate, Amount, CustomerID) VALUES
(1, '2020-01-15', 799.99, 1),
(2, '2020-03-21', 299.99, 2),
(3, '2020-06-08', 499.99, 3),
(4, '2020-09-12', 899.99, 4),
(5, '2020-12-05', 399.99, 5),
(6, '2021-02-18', 599.99, 6),
(7, '2021-04-30', 999.99, 7),
(8, '2021-07-11', 199.99, 8),
(9, '2021-10-24', 159.99, 9),
(10, '2022-01-07', 249.99, 10),
(11, '2022-03-20', 79.99, 11),
(12, '2022-05-29', 399.99, 12),
(13, '2022-08-02', 69.99, 13),
(14, '2022-10-15', 799.99, 14),
(15, '2023-01-18', 149.99, 15),
(16, '2023-03-25', 549.99, 16),
(17, '2023-06-09', 1099.99, 17),
(18, '2023-08-17', 1999.99, 18),
(19, '2023-10-22', 349.99, 19),
(20, '2023-12-30', 79.99, 20),
(21, '2020-02-08', 99.99, 21),
(22, '2020-04-19', 599.99, 22),
(23, '2020-06-29', 799.99, 23),
(24, '2021-01-04', 399.99, 24),
(25, '2021-04-15', 249.99, 25);

